{
  "timestamp": "20260315_222726",
  "fitness": 2.737692051629422,
  "best_params": {
    "gs_lot": 0.01857925060343904,
    "gs_hard_stop": 612.7059173220027,
    "gs_target_pts": 184.21349520396546,
    "gs_stop_pts": 15.99437499874561,
    "gs_stale_hours": 39.49351337753991,
    "nq_lot": 0.09821226511975793,
    "nq_tp_pts": 53.1948421944797,
    "nq_stop_pts": 156.45719774845773,
    "safe_threshold": 1009.372690524025,
    "growth_factor": 0.21575448929589947,
    "dd_threshold": 0.1500000890396971,
    "cooldown_bars": 56,
    "gs_point_value": 82.40179160251596
  },
  "v7_default": {
    "gs_lot": 0.02,
    "gs_hard_stop": 500,
    "gs_target_pts": 140,
    "gs_stop_pts": 12,
    "gs_stale_hours": 72,
    "nq_lot": 0.03,
    "nq_tp_pts": 40,
    "nq_stop_pts": 150,
    "safe_threshold": 3000,
    "growth_factor": 0.4,
    "dd_threshold": 0.3,
    "cooldown_bars": 48,
    "gs_point_value": 100
  }
}