{
  "fitness": 2.975054857685651,
  "params": {
    "gs_lot": 0.01014479555825005,
    "gs_hard_stop": 277.41758641709094,
    "gs_target_pts": 188.90474449343895,
    "gs_stop_pts": 28.984702405878142,
    "nq_lot": 0.049587233034715544,
    "nq_tp_pts": 73.32450015206099,
    "nq_stop_pts": 80.0,
    "safe_threshold": 1000.0,
    "growth_factor": 0.22436803811402792,
    "dd_threshold": 0.36310701263889716
  }
}