{
  "n_simulations": 500,
  "window": "1-3yr",
  "algos": [
    "GoldMaster",
    "LiquidityEdge",
    "GoldSniper",
    "SilverMomentum"
  ],
  "summary": {
    "GoldMaster": {
      "n": 500,
      "p_profit": 100.0,
      "med_cagr": 402.80688162427776,
      "p5_cagr": 67.95696743914075,
      "p95_cagr": 1000.0,
      "med_dd": 22.1968146496752,
      "worst_dd": 44.63986199587357,
      "med_pf": 1.7128836606888265,
      "grade": "A+"
    },
    "LiquidityEdge": {
      "n": 500,
      "p_profit": 100.0,
      "med_cagr": 467.6790202266501,
      "p5_cagr": 240.80870743240698,
      "p95_cagr": 3403.744803321572,
      "med_dd": 20.765347164408183,
      "worst_dd": 36.365915162789626,
      "med_pf": 2.8223082279200824,
      "grade": "A+"
    },
    "GoldSniper": {
      "n": 500,
      "p_profit": 82.19999999999999,
      "med_cagr": 42.92108124027808,
      "p5_cagr": -20.435944142960157,
      "p95_cagr": 283.99935294603,
      "med_dd": 25.874363221791906,
      "worst_dd": 44.1218143961735,
      "med_pf": 1.1444549810215698,
      "grade": "B"
    },
    "SilverMomentum": {
      "n": 500,
      "p_profit": 32.4,
      "med_cagr": -13.933836434985986,
      "p5_cagr": -41.35352626149623,
      "p95_cagr": 14.453679867996508,
      "med_dd": 39.45797713691734,
      "worst_dd": 57.665703049349574,
      "med_pf": 0.8449984812548855,
      "grade": "C"
    }
  }
}